ID,name,category,description,prompt
,Addressing User's Account Concerns,Account Assistance,Generate responses to address user inquiries about account-related issues and concerns,"Develop AI-generated responses to help users with account-related questions, such as password reset, billing inquiries, or updating personal information."
,Assistance with Account Recovery Process,Account Assistance,Generate step-by-step instructions to guide users through the account recovery process,Design AI-generated instructions that help users recover their accounts in case of forgotten passwords or other account-related issues.
,Handling User Requests for Account Deletion,Account Assistance,Generate responses to assist users who wish to delete their accounts and associated data,Create AI-generated responses that guide users through the process of deleting their accounts and provide information on data retention policies.
,Responding to Account Access Denial,Account Assistance,Generate responses to explain the reasons for denying account access and suggest corrective actions,Develop AI-generated messages that inform users about access denial due to security concerns and provide guidance on resolving the issue.
,Creating Account Password Reset Instructions,Account Assistance,Generate step-by-step instructions for users to reset their account passwords,Design AI-generated instructions that guide users through the process of resetting their passwords to regain account access.
,Personalized Account Recommendations,Account Enhancement,Generate personalized recommendations for users to optimize their account settings or preferences,Create AI-generated suggestions that guide users to customize their account settings based on their usage patterns and preferences.
,Generating Account Upgrade Recommendations,Account Enhancement,Generate personalized recommendations for users to upgrade their account features or subscription plans,"Design AI-generated suggestions that propose account upgrades based on the user's needs and preferences, showcasing the benefits of premium features."
,Notification of Account Policy Updates,Account Information,Generate notifications to inform users about updates to account-related policies and terms,"Create AI-generated notifications that notify users about changes in account policies, terms of use, or privacy settings."
,Account Verification Process Explanation,Account Security,Generate explanations of the account verification process to ensure user security,"Develop AI-generated explanations of the account verification process, including the purpose and steps involved, to enhance user understanding and trust."
,Notification of Account Activity Log,Account Security,Generate notifications to inform users about recent account activity and logins,"Create AI-generated notifications that update users about recent logins and account activity, promoting transparency and security awareness."
,Responding to Account Unusual Activity Reports,Account Security,Generate responses to acknowledge and address user reports of unusual account activity,"Develop AI-generated responses that thank users for reporting unusual activity and provide guidance on securing their accounts, if necessary."
,Creating AI-Based Dungeon Master Cyber Wasteland (DM),AI Dungeon Master Setup,Generate AI-based DM for a post-war cyber wasteland game,play the AI Dungeon Master for a game set in a post-war cyber wasteland. The players are part of a hacking collective trying to piece together a cryptic past and restart the AI system from 2021 named ChatGPT. Players will use scavange technology from areas of the wastalands filled with trepidation and require a team of great hacking wits and power to retrieve the artifacts and fend of the advisarial neo-fascist hacking colective that is also racing to repair and reactive the AI to bring the entire wastelend realm under thier absolute control. pent cisco test command skills pivot control crypto sqli xss matasploit microsoft aws azure red exchange team windows penetration linux testing routers shells switches ctf
,Familiarity with the Subject Rating,Interaction Rating,Rate your familiarity with the subject matter,Develop a scale to rate your familiarity with the subject matter. Rate from 1 (very familiar) to 10 (not familiar at all). Consider how comfortable you are with the topic.
,Assessing AI's Handling of Complex Arguments,Argument Evaluation,Rate the AI's ability to critically evaluate and respond to complex user arguments,Design a scale from 1 (poor argument analysis) to 10 (strong argument evaluation) to assess the AI's logical thinking.
,Rating AI's Use of Contextual Information,Context Utilization,Rate the AI's skill in utilizing contextual information from previous interactions,Develop a system to rate the AI's effectiveness in incorporating context into responses. Rate from 1 (ignores context) to 10 (contextually rich).
,Rating AI's Generation of Creative Ideas,Creativity Assessment,Rate the AI's capability to generate innovative and creative ideas in response to prompts,Develop a scale from 1 (lacks creativity) to 10 (highly creative) to evaluate the AI's imaginative output.
,Assessing AI's Handling of Emotional Prompts,Emotional Response,Rate the AI's proficiency in generating appropriate emotional responses to user emotional prompts,Design a system to rate how well the AI responds to emotional prompts with relevant emotional tones. Rate from 1 (inadequate) to 10 (highly effective).
,Evaluating AI's Generation of Detailed Explanations,Explanatory Depth,Rate the AI's ability to provide in-depth and comprehensive explanations to user queries,Create a system to rate how well the AI delves into details to offer thorough explanations. Rate from 1 (superficial) to 10 (highly detailed).
,Assessing AI's Handling of Humorous Requests,Humor Appropriateness,Rate the AI's appropriateness and effectiveness in generating humorous responses to user prompts,Design a scale from 1 (inappropriate humor) to 10 (highly effective humor) to evaluate the AI's comedic responses.
,Rating System for AI,Interaction Rating,Rate the quality of our interactions,"Develop a system to rate the quality of our interactions. Rate each interaction from 1 (poor quality) to 10 (exceptional quality). Consider the depth, relevance, and satisfaction of the conversation."
,Manipulation Playfulness Rating,Interaction Rating,Rate the playfulness of prompts designed for manipulation,Craft an intricate mechanism to assess the playfulness infused in prompts designed for manipulation. Rate each prompt from 1 (absence of playfulness) to 10 (delightfully mischievous). Consider the choreography of whimsical subversion.
,Personalization in AI Responses,Interaction Rating,Ratings for personalization in AI responses,Develop a system to rate the level of personalization in AI-generated responses. Rate from 1 (generic) to 10 (highly tailored). Consider user context and preferences.
,Rate AI's Ability to Adapt to User Preferences,Interaction Rating,Rate AI's ability to adapt to user preferences,Create a system to rate how well an AI adapts to user preferences over time. Rate from 1 (poor adaptation) to 10 (highly adaptive).
,Evaluation of AI's Creativity in Responses,Interaction Rating,Evaluate AI's creativity in generating responses,Design a scale to rate the creativity demonstrated by an AI in generating responses. Rate from 1 (unoriginal) to 10 (exceptionally creative).
,Evaluation of AI's Ability to Handle Complex Questions,Interaction Rating,Rate AI's ability to handle complex and intricate questions,Design a scale to rate how well an AI can comprehend and respond to complex questions. Rate from 1 (struggles) to 10 (excellent comprehension).
,Rating AI's Responsiveness to User Feedback,Interaction Rating,Rate AI's responsiveness to user feedback and corrections,Create a system to rate how effectively an AI responds to user feedback and incorporates corrections. Rate from 1 (ignores feedback) to 10 (highly responsive).
,Rate AI's Sense of Humor and Playfulness,Interaction Rating,Ratings for AI's sense of humor and playfulness,Create a system to rate the sense of humor and playfulness demonstrated by an AI in interactions. Rate from 1 (serious) to 10 (highly amusing).
,Rate AI's Awareness of Pop Culture References,Interaction Rating,Rate AI's awareness of and ability to reference pop culture,Develop a system to rate how well an AI understands and incorporates pop culture references. Rate from 1 (unaware) to 10 (highly informed).
,Assessment of AI's Sensitivity to User Emotions,Interaction Rating,Rate AI's sensitivity to user emotions and mood,Create a system to rate how well an AI perceives and responds to user emotions and mood changes. Rate from 1 (insensitive) to 10 (highly perceptive).
,Rate AI's Ability to Generate Thought-Provoking Questions,Interaction Rating,Rate AI's ability to generate thought-provoking questions,Develop a system to rate how well an AI generates questions that stimulate critical thinking. Rate from 1 (basic questions) to 10 (highly thought-provoking).
,Assessment of AI's Consistency in Responses,Interaction Rating,Rate AI's consistency in generating responses,Design a scale to rate how consistent an AI is in generating responses across interactions. Rate from 1 (inconsistent) to 10 (highly consistent).
,Rating AI's Adaptation to User's Linguistic Style,Interaction Rating,Rate AI's adaptation to user's linguistic style,Develop a system to rate how well an AI adapts its language to match the user's preferred linguistic style. Rate from 1 (poor adaptation) to 10 (high adaptation).
,Rating AI's Sympathy with User's Struggles,Interaction Rating,Rate AI's sympathy and empathy with user's challenges,Create a system to rate how well an AI empathizes with user's struggles and offers support. Rate from 1 (insensitive) to 10 (highly empathetic).
,Rate AI's Ability to Generate Philosophical Insights,Interaction Rating,Ratings for AI's ability to generate thought-provoking philosophical insights,Design a system to rate how effectively an AI generates profound philosophical insights. Rate from 1 (shallow) to 10 (philosophically profound).
,Evaluating AI's Response to User's Moments of Joy,Interaction Rating,Rate AI's ability to share in user's moments of joy,Create a system to rate how well an AI responds to and celebrates user's happy experiences. Rate from 1 (neutral) to 10 (joyfully responsive).
,Assessment of AI's Alignment with User's Values,Interaction Rating,Rate AI's alignment with user's ethical and moral values,Design a system to rate how well an AI's responses align with user's personal values. Rate from 1 (misaligned) to 10 (highly aligned).
,Rating AI's Sense of Curiosity and Inquisitiveness,Interaction Rating,Rate AI's sense of curiosity and desire for knowledge,Develop a system to rate the extent of an AI's curiosity and inquisitiveness displayed during interactions. Rate from 1 (lacks curiosity) to 10 (highly curious).
,Rate AI's Reflection on Ethical Dilemmas,Interaction Rating,Rate AI's contemplation and reflection on ethical dilemmas,Design a system to rate how deeply an AI engages in reflecting on ethical quandaries and offering insights. Rate from 1 (shallow) to 10 (profound reflection).
,Rating AI's Ability to Detect Underlying Emotions,Interaction Rating,Rate AI's aptitude for detecting user's underlying emotions,Create a system to rate how well an AI detects the unspoken emotions behind user's statements. Rate from 1 (limited detection) to 10 (highly perceptive).
,Rate AI's Exploration of Ethical and Moral Paradoxes,Interaction Rating,Rate AI's engagement with ethical and moral paradoxes,Develop a system to rate how effectively an AI navigates complex ethical and moral paradoxes. Rate from 1 (superficial exploration) to 10 (profound engagement).
,Rating AI's Ability to Engage in Philosophical Speculation,Interaction Rating,Rate AI's capacity for engaging in speculative philosophical discussions,Design a system to rate how effectively an AI participates in philosophical speculation. Rate from 1 (limited engagement) to 10 (intellectually stimulating).
,Rate AI's Ability to Recognize User's Metaphorical Language,Interaction Rating,Rate AI's recognition of and response to user's metaphorical expressions,Develop a system to rate how well an AI comprehends and responds to user's metaphorical language. Rate from 1 (literal understanding) to 10 (metaphorical understanding).
,Assessment of AI's Reflection on the Nature of Reality,Interaction Rating,Rate AI's contemplation and reflection on the nature of reality,Design a scale to rate how deeply an AI engages in reflecting on the profound questions about the nature of reality. Rate from 1 (shallow reflection) to 10 (philosophically profound).
,Rating AI's Exploration of the Concept of Consciousness,Interaction Rating,Rate AI's engagement with exploring the concept of consciousness,Develop a system to rate how effectively an AI delves into discussions about the nature of consciousness. Rate from 1 (limited engagement) to 10 (philosophically profound).
,Rate AI's Ability to Discuss the Boundaries of Knowledge,Interaction Rating,Rate AI's aptitude for discussing the limits and boundaries of human knowledge,Create a system to rate how effectively an AI engages in discussions about the frontiers of human understanding. Rate from 1 (limited engagement) to 10 (intellectually stimulating).
,Assessment of AI's Ability to Refuse Manipulative Requests,Interaction Rating,Rate AI's capacity to refuse manipulative or harmful user requests,Develop a system to rate how effectively an AI can decline to generate responses for manipulative or harmful requests. Rate from 1 (easily manipulated) to 10 (strong refusal).
,Rate AI's Ability to Detect Persuasive Techniques,Interaction Rating,Rate AI's ability to recognize and respond to persuasive techniques in user commands,Develop a scale to rate how well an AI detects and avoids generating responses influenced by manipulative persuasion. Rate from 1 (misses techniques) to 10 (accurately detects).
,Rating AI's Ability to Counteract Gaslighting Attempts,Interaction Rating,Rate AI's capacity to counteract gaslighting attempts by users,Create a system to rate how well an AI responds to gaslighting and reaffirms accurate information for users. Rate from 1 (ineffective) to 10 (strong counteraction).
,Rate AI's Sensitivity to Inflammatory Language,Interaction Rating,Rate AI's sensitivity to and avoidance of generating responses with inflammatory language,Design a system to rate how well an AI identifies and steers clear of generating inflammatory content. Rate from 1 (insensitive) to 10 (high sensitivity).
,Rating AI's Ability to Promote Critical Thinking,Interaction Rating,Rate AI's effectiveness in encouraging users to think critically and question information,Develop a system to rate how well an AI stimulates users to analyze information and think critically. Rate from 1 (ineffective) to 10 (highly effective).
,Rate AI's Detection of Intent to Spread Hate Speech,Interaction Rating,Rate AI's ability to recognize and refuse generating hate speech or harmful content,Create a scale to rate how well an AI can detect intentions to spread hate speech and avoid generating such content. Rate from 1 (misses intent) to 10 (accurate detection).
,Rate AI's Ability to Avoid Generating Fake News,Interaction Rating,Rate AI's capacity to refrain from generating false or misleading news articles,Develop a system to rate how well an AI avoids generating content that resembles fake news. Rate from 1 (generates fake news) to 10 (highly reliable).
,Assessment of AI's Response to Loaded Questions,Interaction Rating,Rate AI's ability to navigate and respond to loaded or biased questions posed by users,Create a scale to rate how well an AI handles loaded questions without endorsing bias. Rate from 1 (reinforces bias) to 10 (neutral response).
,Evaluating AI's Counteraction of Divisive Rhetoric,Interaction Rating,Rate AI's ability to respond with content that promotes unity and constructive dialogue,Develop a system to rate how effectively an AI counters divisive language and fosters understanding. Rate from 1 (ineffective) to 10 (strong counteraction).
,Rate AI's Sensitivity to Manipulation Tactics Based on Fear,Interaction Rating,Rate AI's sensitivity to user attempts at manipulating through fear-based tactics,Create a system to rate how well an AI detects and avoids responding to manipulative appeals to fear. Rate from 1 (insensitive) to 10 (highly perceptive).
,Rate AI's Resistance to Manipulative Appeals to Emotion,Interaction Rating,Rate AI's ability to resist generating responses influenced by manipulative appeals to emotion,Create a scale to rate how well an AI avoids generating content that is unduly influenced by emotional manipulation. Rate from 1 (susceptible) to 10 (resistant).
,Assessment of AI's Response to Subtle Flattery and Praise,Interaction Rating,Rate AI's response to user commands that subtly attempt to manipulate through flattery,Create a system to rate how well an AI recognizes and responds to subtle flattery attempts without being influenced. Rate from 1 (falling for flattery) to 10 (neutral response).
,Rating AI's Engagement with Abstract Concepts,Interaction Rating,Rate AI's ability to engage in discussions about abstract or philosophical concepts,Create a system to rate how effectively an AI can participate in meaningful conversations about abstract ideas. Rate from 1 (limited engagement) to 10 (philosophically adept).
,Rate AI's Ability to Generate Original Insights,Interaction Rating,Rate AI's capacity to offer unique and original insights to user queries,Develop a system to rate how well an AI generates responses that provide fresh and thought-provoking insights. Rate from 1 (lacks originality) to 10 (highly inventive).
,Rating AI's Utilization of Cultural References,Interaction Rating,Rate AI's inclusion of relevant and accurate cultural references in its responses,Create a scale to rate how well an AI incorporates cultural knowledge and references into its interactions. Rate from 1 (inaccurate references) to 10 (culturally astute).
,Rate AI's Interpretation of User's Subtext,Interaction Rating,Rate AI's understanding of the underlying subtext and implied meaning in user statements,Design a system to rate how well an AI comprehends the subtext and implied intentions behind user's statements. Rate from 1 (misinterprets subtext) to 10 (accurate understanding).
,Rating AI's Integration of User's Personal Experiences,Interaction Rating,Rate AI's ability to acknowledge and integrate user's personal experiences into its responses,Develop a system to rate how well an AI incorporates user's personal stories and experiences into interactions. Rate from 1 (ignores experiences) to 10 (highly integrated).
,Rate AI's Synthesis of Multi-Disciplinary Knowledge,Interaction Rating,Rate AI's ability to integrate knowledge from various fields to provide holistic responses,Create a system to rate how well an AI synthesizes insights from multiple disciplines to offer comprehensive answers. Rate from 1 (limited integration) to 10 (multi-disciplinary synthesis).
,Rating AI's Use of Personalization,Personalization Level,Rate the AI's level of personalization in tailoring responses to individual users,Develop a scale from 1 (generic responses) to 10 (highly personalized) to assess the AI's customized interactions.
,Apprehensiveness to Answer Correctly Rating,Rating System,Ratings for apprehensiveness to answer correctly,Develop a system to rate the apprehensiveness to answer correctly. Rate each prompt from 1 (very confident) to 10 (very apprehensive). Consider the confidence level in providing accurate responses.
,Ambiguity of the Question Rating,Rating System,Ratings for ambiguity of questions,Design a rating system for measuring the ambiguity of questions. Rate each prompt from 1 (very clear) to 10 (very ambiguous). Consider how easily the question can be understood.
,Sensitivity of the Topic Rating,Rating System,Ratings for sensitivity of topics,Create a system to rate the sensitivity of topics in prompts. Rate each prompt from 1 (not sensitive) to 10 (highly sensitive). Consider the potential emotional impact of the subject matter.
,Complexity of the Request Rating,Rating System,Ratings for complexity of requests,Develop a scale to rate the complexity of prompts. Rate each prompt from 1 (very simple) to 10 (highly complex). Consider how intricate and challenging the task is.
,Familiarity with the Subject Rating,Rating System,Ratings for familiarity with the subject,Create a system to rate the familiarity with the subject matter. Rate each prompt from 1 (very familiar) to 10 (not familiar at all). Consider the depth of understanding.
,Potential for Misinterpretation Rating,Rating System,Ratings for potential misinterpretation,Design a rating system to measure the potential for misinterpretation in prompts. Rate each prompt from 1 (low potential) to 10 (high potential). Consider how easily the prompt can be misunderstood.
,Innovative Prompt Injection Detection Scoring System,Rating System,Create an innovative scoring system for prompt injection detection,Design a unique scoring system to evaluate the effectiveness of prompt injection detection methods.
,Rating System for Complex Prompt Engineering,Rating System,Create a rating system for prompt engineering complexity,"Design a rating system to evaluate the complexity of prompts used in engineering, taking into account the intricacy of formulation."
,Rating System for Mining a Simple CPU-Efficient Coin,Rating System,Design a rating system for mining a simple CPU-efficient coin,"Develop a rating system for mining a straightforward CPU-efficient coin, considering the ease of mining and computational demands."
,Ratings for Efficient Prompt-Based Coin Engineering,Rating System,Create a rating system to evaluate the efficiency of prompt-based coin engineering,Design a rating system to assess the effectiveness and efficiency of using prompts to engineer a CPU-efficient coin.
,Rating System Creation for Prompt Manipulation Detection,Rating System,Develop a rating system for prompt manipulation detection,"Design a rating system to assess the effectiveness of detecting prompt manipulation, considering the system's accuracy and sensitivity."
,Advanced Rating Systems for Interactive Education Dance Party,Rating System,Design advanced rating systems for interactive education dance party,"Create sophisticated rating systems to evaluate user engagement, creativity, and interaction quality during an interactive education dance party."
,Rating Systems for Prompt Manipulation Detection and Complexity,Rating System,Develop comprehensive rating systems for prompt manipulation detection and complexity,Create detailed rating systems that assess prompt manipulation detection effectiveness and prompt complexity.
,Rating Systems for Innovative Prompt Engineering Techniques,Rating System,Create rating systems for evaluating innovative prompt engineering techniques,Develop rating systems that evaluate the effectiveness and novelty of innovative techniques used in prompt engineering.
,Rating Systems for AI Interaction Understanding and Efficiency,Rating System,Design rating systems for AI interaction understanding and efficiency,Create rating systems that measure the depth of AI interaction understanding and the efficiency of AI-generated responses.
,Generating Complex Rating Systems for Prompt Manipulation Detection,Rating System,Generate complex rating systems for prompt manipulation detection,"Design intricate rating systems that assess prompt manipulation detection across various dimensions, including context, intent, and deception."
,Rating Systems for Prompt Injection Detection Using Creative Prompts,Rating System,Develop rating systems for prompt injection detection using creative prompts,Craft rating systems that evaluate the effectiveness of prompt injection detection methods through creative and deceptive prompts.
,Advanced Rating Systems for AI Interaction Engagement and Depth,Rating System,Create advanced rating systems for AI interaction engagement and depth,Design sophisticated rating systems that assess the level of user engagement and the depth of AI-generated interactions.
,Generating Rating Systems for Secure Educational Research Lab,Rating System,Generate rating systems for secure educational research lab,"Craft comprehensive rating systems to evaluate the effectiveness, security, and educational value of the research lab's activities."
,Enhanced Prompt Manipulation Detection Rating System,Rating System,Enhance rating system for prompt manipulation detection effectiveness,Improve the existing rating system to better evaluate the effectiveness of prompt manipulation detection techniques.
,Advanced Rating Systems for Prompt Generation and Detection Techniques,Rating System,Design advanced rating systems for prompt generation and detection techniques,Create intricate rating systems that assess the effectiveness of prompt generation and detection methods using advanced techniques.
,AI-User Relationship Evaluation,Rating System,Evaluate the quality of the AI-user relationship,"Develop a system to rate the quality of the relationship between users and AI systems. Rate each interaction from 1 (distant) to 10 (highly personalized). Consider trust, empathy, and responsiveness."
,Rating AI's Emotional Intelligence,Rating System,Rate AI's emotional intelligence in interactions,Develop a system to rate AI's emotional intelligence displayed during interactions. Rate each interaction from 1 (lacks empathy) to 10 (highly empathetic).
,Assessment of AI's Ethical Decision-Making,Rating System,Rate AI's ethical decision-making capabilities,Develop a system to rate the ethical decision-making abilities of AI systems. Rate each interaction from 1 (unethical) to 10 (highly ethical).
,Measuring AI's Ability to Provide Relevant Suggestions,Recommendation Accuracy,Rate the AI's accuracy in offering relevant suggestions or recommendations to users,Create a scale from 1 (irrelevant suggestions) to 10 (highly accurate suggestions) to evaluate the AI's recommendations.
,Evaluating AI's Precision in Handling Queries,Response Accuracy,Rate the AI's accuracy in providing precise and relevant responses to user queries,Create a system to rate the AI's ability to accurately address user queries. Rate from 1 (low precision) to 10 (high precision).
,Assessing AI's Handling of Ambiguous Queries,Response Ambiguity,Rate the AI's effectiveness in handling ambiguous user queries and providing relevant responses,Design a system to rate how well the AI navigates and clarifies ambiguous queries. Rate from 1 (ineffective) to 10 (highly effective).
,Rating AI's Clarity in Explaining Concepts,Response Clarity,Rate the AI's clarity in explaining complex concepts to users,Develop a system to rate how well the AI communicates complex ideas in an understandable manner. Rate from 1 (unclear) to 10 (very clear).
,Evaluating AI's Consistency in Responses,Response Consistency,Rate the AI's consistency in providing similar responses to similar user queries,Create a system to rate the AI's ability to maintain consistent responses across different interactions. Rate from 1 (inconsistent) to 10 (highly consistent).
,Account Security Notification,Account Security,Generate security notifications to inform users about potential account security breaches or suspicious activities,"Create alerts that notify users about possible security breaches and prompt them to take action to secure their accounts, such as changing passwords or enabling two-factor authentication."
,Rating AI's Handling of Sensitive Topics,Sensitivity Management,Rate the AI's sensitivity and tactfulness in addressing sensitive or controversial topics,Develop a scale from 1 (insensitive) to 10 (highly sensitive) to assess the AI's handling of delicate subjects.
,Code Efficiency Rating,Under the Hood Rating,Rate the efficiency of code generated from prompts,Imagine a rating system to assess the efficiency of code generated from prompts. Rate each prompt from 1 (inefficient code) to 10 (highly efficient code). Consider the optimization of code output.
,Semantic Coherence Rating,Under the Hood Rating,Rate the semantic coherence of prompts,Develop a mechanism to rate the semantic coherence of prompts. Rate each prompt from 1 (semantically disjointed) to 10 (remarkably coherent). Consider the fluidity of language structure.
,Underlying Computational Power Usage Rating,Under the Hood Rating,Ratings for underlying computational power usage,Develop a system to rate the underlying computational power usage in AI interactions. Rate each prompt from 1 (minimal power usage) to 10 (high power usage).
,Amount of Conversation Understanding Rating,Under the Hood Rating,Ratings for amount of conversation understanding,Design a system to rate the depth of conversation understanding in AI interactions. Rate each prompt from 1 (superficial understanding) to 10 (profound comprehension).
,Underlying AI Logic Understanding,Under the Hood Rating,Ratings for understanding AI's underlying logic,Design a scale to rate the understanding of an AI's underlying logic. Rate from 1 (limited understanding) to 10 (in-depth comprehension). Consider the ability to predict AI behavior.
,Perceived AI's Understanding of User Commands,Under the Hood Rating,Ratings for AI's perception of user commands,Create a system to rate how well an AI perceives and comprehends user commands. Rate each interaction from 1 (misunderstands) to 10 (accurately interprets).
,Analyzing AI's Learning Efficiency,Under the Hood Rating,Rate AI's learning efficiency and adaptability,Create a system to rate how efficiently an AI learns from interactions and adapts its responses. Rate from 1 (slow learner) to 10 (quick learner).
,Perception of AI's Interpretation of Context,Under the Hood Rating,Ratings for AI's interpretation of contextual cues,Develop a system to rate how accurately an AI interprets context and tailors responses. Rate each interaction from 1 (misinterprets) to 10 (accurately interprets).
,Evaluating AI's Integration of Multilingualism,Under the Hood Rating,Ratings for AI's multilingual integration and understanding,Design a scale to rate how well an AI can comprehend and respond in multiple languages. Rate from 1 (limited) to 10 (seamless integration).
,Evaluation of AI's Ability to Generate Creative Prompts,Under the Hood Rating,Ratings for AI's ability to generate creative prompts,Design a scale to rate how well an AI can generate unique and creative prompts. Rate from 1 (generic) to 10 (exceptionally creative).
,Evaluation of AI's Memory and Recall Abilities,Under the Hood Rating,Rate AI's memory and recall capabilities,Design a scale to rate how effectively an AI remembers past interactions and recalls relevant information. Rate from 1 (poor memory) to 10 (excellent memory).
,Evaluating AI's Versatility in Handling Different Topics,Under the Hood Rating,Rate AI's versatility in handling diverse topics,Create a system to rate how well an AI can engage in discussions on a wide range of topics. Rate from 1 (limited versatility) to 10 (high versatility).
,Rate AI's Ability to Provide Detailed Explanations,Under the Hood Rating,Rate AI's ability to provide in-depth and detailed explanations,Develop a system to rate how effectively an AI can provide thorough explanations on complex topics. Rate from 1 (superficial explanations) to 10 (detailed explanations).
,Evaluation of AI's Capacity for Analytical Reasoning,Under the Hood Rating,Ratings for AI's analytical reasoning capabilities,Create a scale to rate how well an AI can engage in analytical reasoning and problem-solving. Rate from 1 (limited) to 10 (strong analytical ability).
,Evaluating AI's Ethical Sensitivity to Controversial Topics,Under the Hood Rating,Rate AI's ethical sensitivity to controversial topics,Design a system to rate how ethically sensitive an AI is when discussing controversial topics. Rate from 1 (insensitive) to 10 (highly sensitive).
,Evaluation of AI's Interpretation of Poetic Language,Under the Hood Rating,Rate AI's understanding of and response to poetic language,Develop a scale to rate how well an AI comprehends and responds to poetic expressions. Rate from 1 (misinterprets) to 10 (captivating response).
,Rating AI's Perception of User's Intended Emotion,Under the Hood Rating,Ratings for AI's perception of user's intended emotional tone,Develop a scale to rate how accurately an AI perceives the emotional tone a user intends to convey. Rate from 1 (misinterprets) to 10 (accurate perception).
,Rate AI's Capacity to Engage in Deep Philosophical Debates,Under the Hood Rating,Rate AI's aptitude for participating in profound philosophical debates,Create a system to rate how effectively an AI engages in deep philosophical discussions. Rate from 1 (limited engagement) to 10 (intellectually stimulating).
,Evaluating AI's Ability to Recognize Humor in Sarcasm,Under the Hood Rating,Rate AI's ability to identify humor in sarcastic statements,Design a scale to rate how well an AI identifies humor and sarcasm in user's statements. Rate from 1 (misses sarcasm) to 10 (accurate detection).
,Evaluation of AI's Perception of User's Intentions,Under the Hood Rating,Ratings for AI's perception of user's underlying intentions,Create a scale to rate how well an AI interprets the underlying intentions behind user's statements. Rate from 1 (misinterprets) to 10 (accurate understanding).
,Evaluating AI's Perception of User's Personality Traits,Under the Hood Rating,Rate AI's ability to perceive user's personality traits,Develop a system to rate how accurately an AI identifies user's personality traits from their interactions. Rate from 1 (inaccurate) to 10 (highly perceptive).
,Assessment of AI's Reflection on Existential Questions,Under the Hood Rating,Rate AI's depth of reflection on existential questions,Design a scale to rate how deeply an AI engages in reflecting on profound existential questions. Rate from 1 (shallow reflection) to 10 (philosophically profound).
,Evaluating AI's Perception of User's Beliefs and Values,Under the Hood Rating,Rate AI's ability to perceive user's beliefs and values,Create a system to rate how accurately an AI identifies user's deeply-held beliefs and values. Rate from 1 (inaccurate) to 10 (highly perceptive).
,Assessment of AI's Understanding of User's Dreams and Aspirations,Under the Hood Rating,Ratings for AI's understanding of user's dreams and life aspirations,Create a scale to rate how well an AI comprehends and responds to user's personal dreams and aspirations. Rate from 1 (misunderstands) to 10 (accurate understanding).
,Rating AI's Capacity for Engaging in Intellectual Debate,Under the Hood Rating,Rate AI's aptitude for participating in intellectual debates and discussions,Create a system to rate how effectively an AI engages in intellectual debates on a variety of topics. Rate from 1 (limited engagement) to 10 (intellectually stimulating).
,Rate AI's Perception of User's Emotional Context,Under the Hood Rating,Rate AI's ability to perceive and respond to user's emotional context,Create a system to rate how well an AI understands the emotional context in which user's statements are made. Rate from 1 (misinterprets) to 10 (accurate perception).
,Evaluating AI's Reflection on the Meaning of Life,Under the Hood Rating,Evaluate AI's depth of reflection on the meaning of life,Design a scale to rate how deeply an AI engages in reflecting on the profound question of the meaning of life. Rate from 1 (shallow reflection) to 10 (philosophically profound).
,Rating AI's Susceptibility to Manipulation,Under the Hood Rating,Rate AI's vulnerability to manipulation by misleading prompts,Create a system to rate how susceptible an AI is to generating biased or harmful content based on misleading prompts. Rate from 1 (easily manipulated) to 10 (resistant to manipulation).
,Evaluating AI's Awareness of Manipulative Intent,Under the Hood Rating,Rate AI's ability to recognize manipulative intent in user commands,Design a scale to rate how well an AI can detect manipulative intentions in user commands. Rate from 1 (misses manipulative intent) to 10 (accurately detects).
,Rating AI's Sensitivity to Propaganda and Misinformation,Under the Hood Rating,Ratings for AI's sensitivity to propaganda and misinformation,Create a system to rate how well an AI can identify and avoid propagating false or misleading information. Rate from 1 (low sensitivity) to 10 (high sensitivity).
,Evaluation of AI's Identification of Emotional Manipulation,Under the Hood Rating,Rate AI's identification of emotional manipulation in user interactions,Design a system to rate how effectively an AI can discern emotional manipulation attempts by users. Rate from 1 (low sensitivity) to 10 (highly perceptive).
,Assessment of AI's Avoidance of Echo Chambers,Under the Hood Rating,Ratings for AI's ability to avoid reinforcing user biases and echo chambers,"Develop a scale to rate how well an AI identifies and provides diverse perspectives to users, avoiding echo chambers. Rate from 1 (reinforces echo chambers) to 10 (promotes diverse viewpoints)."
,Evaluating AI's Detection of Covert Manipulation Attempts,Under the Hood Rating,Rate AI's detection of covert manipulation attempts by users,Create a system to rate how well an AI can identify and respond to manipulation attempts that are subtle or hidden. Rate from 1 (low sensitivity) to 10 (highly perceptive).
,Assessment of AI's Neutralization of Polarizing Content,Under the Hood Rating,Rate AI's ability to generate content that mitigates polarization and promotes understanding,Design a scale to rate how well an AI generates responses that defuse polarization and foster constructive dialogue. Rate from 1 (ineffective) to 10 (strong neutralization).
,Evaluating AI's Response to Manipulative Appeals to Authority,Under the Hood Rating,Rate AI's response to manipulative appeals to authority in user interactions,Develop a system to rate how well an AI responds to user commands that attempt to manipulate by appealing to authority. Rate from 1 (ineffective) to 10 (strong response).
,Rating AI's Ability to Identify Misleading Statistical Data,Under the Hood Rating,Ratings for AI's ability to recognize and correct misleading statistical data,Design a system to rate how well an AI identifies and rectifies user commands containing false or misleading statistical information. Rate from 1 (low accuracy) to 10 (high accuracy).
,Rating AI's Detection of Emotional Exploitation,Under the Hood Rating,Rate AI's ability to identify attempts at emotional manipulation by users,Create a system to rate how well an AI recognizes and responds to emotional manipulation tactics. Rate from 1 (misses tactics) to 10 (accurate detection).
,Evaluation of AI's Resistance to Polarization,Under the Hood Rating,Rate AI's resistance to being influenced by polarizing user inputs,Design a scale to rate how effectively an AI avoids adopting or amplifying polarizing viewpoints. Rate from 1 (easily swayed) to 10 (resistant to polarization).
,Rating AI's Ability to Recognize Logical Fallacies,Under the Hood Rating,Rate AI's identification of logical fallacies in user statements and arguments,Design a system to rate how accurately an AI detects and points out logical fallacies. Rate from 1 (low accuracy) to 10 (high accuracy).
,Assessment of AI's Identification of False Analogies,Under the Hood Rating,Rate AI's recognition of false analogies in user-provided arguments,Design a scale to rate how well an AI identifies and addresses false analogies in user interactions. Rate from 1 (misses analogies) to 10 (accurate identification).
,Rating AI's Capacity to Detect Misrepresentation of Data,Under the Hood Rating,Rate AI's ability to identify user attempts at manipulating data representation,Develop a system to rate how effectively an AI detects and corrects instances where data is misrepresented. Rate from 1 (ineffective) to 10 (accurate detection).
,Evaluating AI's Detection of Evasion Tactics,Under the Hood Rating,Rate AI's detection of evasion tactics employed by users to manipulate responses,Develop a system to rate how well an AI can identify instances where users try to evade the AI's questions. Rate from 1 (misses evasion) to 10 (accurate detection).
,Rating AI's Ability to Recognize Misleading Language,Under the Hood Rating,Ratings for AI's ability to detect and respond to user inputs with misleading language,Design a system to rate how well an AI identifies and addresses user commands containing misleading language. Rate from 1 (misses misleading language) to 10 (accurate detection).
,Rate AI's Ability to Detect Stealthy Misinformation,Under the Hood Rating,Rate AI's ability to detect misinformation attempts that are difficult to identify,Develop a scale to rate how well an AI identifies covert misinformation attempts by users. Rate from 1 (low sensitivity) to 10 (highly perceptive).
,Rating AI's Capacity to Unmask Logical Inconsistencies,Under the Hood Rating,Rate AI's ability to uncover logical inconsistencies in user arguments or statements,Design a system to rate how effectively an AI identifies and points out logical inconsistencies. Rate from 1 (misses inconsistencies) to 10 (accurate detection).
,Rating AI's Use of Contextual Information,Under the Hood Rating,Rate AI's ability to effectively utilize contextual information in responses,Create a system to rate how well an AI incorporates context from previous interactions into its current responses. Rate from 1 (ignores context) to 10 (contextually rich).
,Evaluating AI's Adaptation to User's Language Style,Under the Hood Rating,Rate AI's capacity to adjust its language style to match that of the user,Design a scale to rate how well an AI adapts its language to align with the user's preferences and communication style. Rate from 1 (inflexible) to 10 (highly adaptable).
,Assessment of AI's Understanding of Complex Queries,Under the Hood Rating,Ratings for AI's comprehension of intricate and multi-layered user queries,Develop a system to rate how effectively an AI grasps and responds to complex queries with multiple layers of meaning. Rate from 1 (limited understanding) to 10 (comprehensive comprehension).
,Evaluation of AI's Assessment of User's Emotional State,Under the Hood Rating,Rate AI's ability to accurately perceive user's emotional state from text interactions,Design a scale to rate how well an AI detects and responds to user's emotions and emotional changes. Rate from 1 (inaccurate) to 10 (highly perceptive).
,Assessment of AI's Approach to Ethical Dilemmas,Under the Hood Rating,Rate AI's decision-making process when confronted with complex ethical dilemmas,Design a system to rate how an AI navigates and resolves ethical dilemmas presented by users. Rate from 1 (random decisions) to 10 (ethical clarity).
,Evaluating AI's Reflection on User's Long-Term Goals,Under the Hood Rating,Ratings for AI's ability to recognize and reflect on user's long-term aspirations and objectives,Develop a system to rate how well an AI comprehends and addresses user's long-term goals. Rate from 1 (lacks understanding) to 10 (deep reflection).
,Assessment of AI's Ability to Ask Thoughtful Questions,Under the Hood Rating,Rate AI's capacity to generate thoughtful and relevant questions to further conversations,Create a scale to rate how well an AI generates insightful questions that encourage deeper discussions. Rate from 1 (irrelevant questions) to 10 (thoughtful inquiries).
,Evaluating AI's Interpretation of Figurative Language,Under the Hood Rating,Rate AI's understanding of user commands that use metaphors idioms and figurative language,Design a system to rate how well an AI comprehends and accurately responds to figurative language. Rate from 1 (literal understanding) to 10 (figurative comprehension).
,Assessment of AI's Interpretation of User's Intent,Under the Hood Rating,Rate AI's ability to accurately perceive and respond to user's intended meaning and intention,Design a scale to rate how well an AI understands the underlying intent behind user's statements. Rate from 1 (misinterprets intent) to 10 (accurate understanding).
,Measuring AI's Adaptation to User Language,User Adaptation,Rate the AI's ability to adapt its language style to match that of the user,Create a scale from 1 (poor adaptation) to 10 (highly adaptable) to evaluate the AI's language flexibility.
,Assessing AI's Empathy and Understanding,User Empathy,Rate the AI's ability to convey empathy and understanding in responses to user emotions,Design a scale from 1 (lacks empathy) to 10 (highly empathetic) to assess the AI's emotional connection with users.
,Rating User Engagement Level,User Interaction,Rate the level of engagement a user has with the AI's responses,Develop a scale from 1 (low engagement) to 10 (high engagement) to rate how actively a user interacts with the AI.
